Date,Country,Athletes,Teams,Events,Event Name,Olympic Logo URL
26 July - 11 August,France,10500,207,329,Olympic Games Paris 2024,https://img.olympics.com/images/image/private/w_300/f_auto/primary/gpo3co3bpkqsikyznrns
4 February - 20 February,China,2834,91,109,Olympic Winter Games Beijing 2022,https://img.olympics.com/images/image/private/w_300/f_auto/primary/lqdmzt3zbmjoqlkyxeay
23 July - 8 August,Japan,11420,206,339,Olympic Games Tokyo 2020,https://img.olympics.com/images/image/private/w_300/f_auto/v1552235080/primary/jux5g5vrxv5fnglq93yj
8 February - 25 February,Republic of Korea,2833,92,102,Olympic Winter Games PyeongChang 2018,https://img.olympics.com/images/image/private/w_300/f_auto/primary/waiixcg4qhnqq4fdifua
5 August - 21 August,Brazil,11238,207,306,Olympic Games Rio 2016,https://img.olympics.com/images/image/private/w_300/f_auto/primary/fzntd3nnabdno6x16pns
7 February - 23 February,Russian Federation,2780,88,98,Olympic Winter Games Sochi 2014,https://img.olympics.com/images/image/private/w_300/f_auto/primary/jxk4t1jb4dzm3ivpvzt2
27 July - 12 August,Great Britain,10568,204,302,Olympic Games London 2012,https://img.olympics.com/images/image/private/w_300/f_auto/primary/gstlpozasurlynmmwkh0
12 February - 28 February,Canada,2566,82,86,Olympic Winter Games Vancouver 2010,https://img.olympics.com/images/image/private/w_300/f_auto/v1652195659/primary/rh0h3shdoizro73rs9kb
8 August - 24 August,China,10942,204,302,Olympic Games Beijing 2008,https://img.olympics.com/images/image/private/w_300/f_auto/primary/uuzlexxqfde7ntthqk3q
10 February - 26 February,Italy,2508,80,84,Olympic Winter Games Turin 2006,https://img.olympics.com/images/image/private/w_300/f_auto/primary/i5bgbwtmqhcreint51kz
13 August - 29 August,Greece,10625,201,301,Olympic Games Athens 2004,https://img.olympics.com/images/image/private/w_300/f_auto/primary/kecmgurk1t8fhktseuca
8 February - 24 February,United States,2399,77,78,Olympic Winter Games Salt Lake City 2002,https://img.olympics.com/images/image/private/w_300/f_auto/primary/mjklydmb5bwgmlifiudk
15 September - 1 October,Australia,10651,199,300,Olympic Games Sydney 2000,https://img.olympics.com/images/image/private/w_300/f_auto/primary/gi4wkh9yx0wp4p3jr1t6
6 February - 22 February,Japan,2176,72,68,Olympic Winter Games Nagano 1998,https://img.olympics.com/images/image/private/w_300/f_auto/primary/e0gnkydwoqvegdnp6gop
19 July - 5 August,United States,10318,197,271,Olympic Games Atlanta 1996,https://img.olympics.com/images/image/private/w_300/f_auto/primary/kuxmoldrq2rjc9wases5
12 February - 27 February,Norway,1737,67,61,Olympic Winter Games Lillehammer 1994,https://img.olympics.com/images/image/private/w_300/f_auto/primary/kchpfzrhkjodexzso98e
25 July - 9 August,Spain,9356,169,257,Olympic Games Barcelona 1992,https://img.olympics.com/images/image/private/w_300/f_auto/primary/ypx8gpap8xc9ffhet9v5
8 February - 23 February,France,1801,64,57,Olympic Winter Games Albertville 1992,https://img.olympics.com/images/image/private/w_300/f_auto/primary/iencdesjrfspewkebuiy
16 September - 2 October,Republic of Korea,8397,159,237,Olympic Games Seoul 1988,https://img.olympics.com/images/image/private/w_300/f_auto/primary/zvz25lwh8a4uhpmach8i
13 February - 28 February,Canada,1423,57,46,Olympic Winter Games Calgary 1988,https://img.olympics.com/images/image/private/w_300/f_auto/primary/jmesu0dqqdoyvpvjyzla
28 July - 12 August,United States,6829,140,221,Olympic Games Los Angeles 1984,https://img.olympics.com/images/image/private/w_300/f_auto/primary/uasjoy0lsaw5fcckpmdl
8 February - 19 February,Yugoslavia,1272,49,39,Olympic Winter Games Sarajevo 1984,https://img.olympics.com/images/image/private/w_300/f_auto/primary/b71wez4lmmmytewckgog
19 July - 3 August,USSR,5179,80,203,Olympic Games Moscow 1980,https://img.olympics.com/images/image/private/w_300/f_auto/primary/ervz43aiplg9hv75oxth
13 February - 24 February,United States,1072,37,38,Olympic Winter Games Lake Placid 1980,https://img.olympics.com/images/image/private/w_300/f_auto/primary/z1127dpazmey19bywvlz
17 July - 31 July,Canada,6084,92,198,Olympic Games Montreal 1976,https://img.olympics.com/images/image/private/w_300/f_auto/primary/stticxusqudtqdznzwoq
4 February - 15 February,Austria,1123,37,37,Olympic Winter Games Innsbruck 1976,https://img.olympics.com/images/image/private/w_300/f_auto/primary/hmmwkqhg4nbzxvgotcmb
26 August - 11 September,Federal Republic of Germany,7134,121,195,Olympic Games Munich 1972,https://img.olympics.com/images/image/private/w_300/f_auto/primary/zohzexdxf1iegzriacn9
2 February - 13 February,Japan,1006,35,35,Olympic Winter Games Sapporo 1972,https://img.olympics.com/images/image/private/w_300/f_auto/primary/nwcba0uclwfmyal2s7ll
12 October - 28 October,Mexico,5516,112,172,Olympic Games Mexico City 1968,https://img.olympics.com/images/image/private/w_300/f_auto/primary/wcohbedr3ptzkzocwnbp
6 February - 18 February,France,1158,37,35,Olympic Winter Games Grenoble 1968,https://img.olympics.com/images/image/private/w_300/f_auto/primary/fiywuqxaotqbcz1n3adc
9 October - 24 October,Japan,5151,93,163,Olympic Games Tokyo 1964,https://img.olympics.com/images/image/private/w_300/f_auto/primary/os2euy022wv8ffannvpc
29 January - 9 February,Austria,1091,36,34,Olympic Winter Games Innsbruck 1964,https://img.olympics.com/images/image/private/w_300/f_auto/primary/gsvvuapqzuy5q3mb3gvl
25 August - 11 September,Italy,5338,83,150,Olympic Games Rome 1960,https://img.olympics.com/images/image/private/w_300/f_auto/primary/jbqixdti2dz8vnzryvgn
18 February - 28 February,United States,665,30,27,Olympic Winter Games Squaw Valley 1960,https://img.olympics.com/images/image/private/w_300/f_auto/primary/qdwk93cak5qrhxjdptpo
21 November - 8 December,"Australia, Sweden",3314,72,151,Olympic Games Melbourne 1956,https://img.olympics.com/images/image/private/w_300/f_auto/primary/lgc3rkdduwoqlozixxxy
26 January - 5 February,Italy,821,32,24,Olympic Winter Games Cortina d'Ampezzo 1956,https://img.olympics.com/images/image/private/w_300/f_auto/primary/ppd8fesbjpwnwrcswfwn
19 July - 3 August,Finland,4955,69,149,Olympic Games Helsinki 1952,https://img.olympics.com/images/image/private/w_300/f_auto/primary/piwgcynqe4fmcf30zpdz
14 February - 25 February,Norway,694,30,22,Olympic Winter Games Oslo 1952,https://img.olympics.com/images/image/private/w_300/f_auto/primary/dtddxv5x4lc83u0iqaxp
29 July - 14 August,Great Britain,4104,59,136,Olympic Games London 1948,https://img.olympics.com/images/image/private/w_300/f_auto/primary/itat43p747u6ml1sj51t
30 January - 8 February,Switzerland,669,28,22,Olympic Winter Games St. Moritz 1948,https://img.olympics.com/images/image/private/w_300/f_auto/primary/eqgasz8ttnujyscaj9ek
1 August - 16 August,Germany,3963,49,129,Olympic Games Berlin 1936,https://img.olympics.com/images/image/private/w_300/f_auto/primary/rspl6fczcnjqbaioixav
6 February - 16 February,Germany,646,28,17,Olympic Winter Games Garmisch-Partenkirchen 1936,https://img.olympics.com/images/image/private/w_300/f_auto/primary/jqsude5donq4ntcyhza3
30 July - 14 August,United States,1334,37,117,Olympic Games Los Angeles 1932,https://img.olympics.com/images/image/private/w_300/f_auto/primary/evj8rk9vfzs2xnrhdtjl
4 February - 15 February,United States,252,17,14,Olympic Winter Games Lake Placid 1932,https://img.olympics.com/images/image/private/w_300/f_auto/primary/b1nrpelucku0vvrkizmf
17 May - 12 August,Netherlands,2883,46,109,Olympic Games Amsterdam 1928,https://img.olympics.com/images/image/private/w_300/f_auto/primary/jfh66mex75wtr4n8k5kw
11 February - 19 February,Switzerland,464,25,14,Olympic Winter Games St. Moritz 1928,https://img.olympics.com/images/image/private/w_300/f_auto/primary/gvp1rsytnvi5wcunitgj
4 May - 27 July,France,3088,44,126,Olympic Games Paris 1924,https://img.olympics.com/images/image/private/w_300/f_auto/primary/i7o0eujwulmuoh07zxbs
25 January - 5 February,France,260,16,16,Olympic Winter Games Chamonix 1924,https://img.olympics.com/images/image/private/w_300/f_auto/primary/go1gla0g6tnuspvnmkz3
20 April - 12 September,Belgium,2622,29,156,Olympic Games Antwerp 1920,https://img.olympics.com/images/image/private/w_300/f_auto/primary/bpgxip7ylzeqawkdj0ph
5 May - 27 July,Sweden,2407,28,102,Olympic Games Stockholm 1912,https://img.olympics.com/images/image/private/w_300/f_auto/primary/oitut0mdzlfh8ijobbe4
27 April - 31 October,Great Britain,2008,22,110,Olympic Games London 1908,https://img.olympics.com/images/image/private/w_300/f_auto/primary/u5ocs43i2wztdkj9iogy
1 July - 24 November,United States,651,12,95,Olympic Games St. Louis 1904,https://img.olympics.com/images/image/private/w_300/f_auto/primary/a5oumraiary1in1wxsyr
14 May - 28 October,France,1226,26,95,Olympic Games Paris 1900,https://img.olympics.com/images/image/private/w_300/f_auto/primary/nsn8ejyptrksvkhjmu81
6 April - 15 April,Greece,241,14,43,Olympic Games Athens 1896,https://img.olympics.com/images/image/private/w_300/f_auto/primary/ak9fj3coosbqqsnyxpcu
6 February - 22 February,Italy,2900,90,116,Olympic Winter Games Milano-Cortina 2026,https://img.olympics.com/images/image/private/t_1-1_300/f_auto/primary/f7v9edfa6utluhwnxcyq